<application>
  <component name="VimSettings">
    <state version="4" enabled="true" />
    <globalmarks />
    <filemarks>
      <file name="$USER_HOME$/repository/incubator-doris-0.9.0-rc02/be/test/udf/udf_test.cpp" timestamp="1563172505261" />
      <file name="$USER_HOME$/repository/incubator-doris-0.9.0-rc02/be/src/udf_samples/uda_sample.cpp" timestamp="1563263651175" />
      <file name="$USER_HOME$/CLionProjects/udf_dev/udf_samples/uda_sample.cpp" timestamp="1562836776588">
        <mark key="[" line="17" column="10" />
        <mark key="]" line="17" column="10" />
        <mark key="." line="17" column="10" />
      </file>
      <file name="$USER_HOME$/CLionProjects/udf_dev/udf_samples/funnel_info.h" timestamp="1562838078658">
        <mark key="[" line="9" column="10" />
        <mark key="]" line="9" column="10" />
        <mark key="." line="9" column="10" />
      </file>
      <file name="$USER_HOME$/CLionProjects/udf_dev/udf_samples/funnel_count.h" timestamp="1562836730860">
        <mark key="[" line="2" column="10" />
        <mark key="]" line="2" column="10" />
        <mark key="." line="2" column="10" />
      </file>
      <file name="$USER_HOME$/repository/incubator-doris-0.9.0-rc02/be/CMakeLists.txt" timestamp="1563349398543">
        <mark key="[" line="19" column="60" />
      </file>
      <file name="$USER_HOME$/CLionProjects/udf_dev/udf_samples/CMakeLists.txt" timestamp="1562836979797">
        <mark key="[" line="17" column="34" />
      </file>
      <file name="$USER_HOME$/repository/incubator-doris-0.9.0-rc02/be/src/udf_mistat/string_split.h" timestamp="1563422606643">
        <mark key="[" line="7" column="37" />
        <mark key="]" line="7" column="35" />
        <mark key="." line="7" column="35" />
        <mark key="^" line="7" column="35" />
      </file>
      <file name="$USER_HOME$/repository/incubator-doris-0.9.0-rc02/be/src/udf_samples/CMakeLists.txt" timestamp="1563338492980">
        <mark key="[" line="25" column="13" />
        <mark key="]" line="26" column="37" />
        <mark key="^" line="26" column="34" />
        <mark key="." line="26" column="34" />
      </file>
      <file name="$USER_HOME$/CLionProjects/udf_dev/udf_samples/udf_hash64.cpp" timestamp="1562836789058">
        <mark key="[" line="1" column="10" />
        <mark key="]" line="1" column="10" />
        <mark key="." line="1" column="10" />
      </file>
      <file name="$USER_HOME$/repository/incubator-doris-0.9.0-rc02/be/src/udf_mistat/get_last_active_info.cpp" timestamp="1563436659227">
        <mark key="[" line="101" column="0" />
        <mark key="]" line="101" column="0" />
        <mark key="." line="101" column="0" />
      </file>
      <file name="$USER_HOME$/CLionProjects/udf_dev/udf_samples/uda_sample.h" timestamp="1562836780307">
        <mark key="[" line="19" column="10" />
        <mark key="]" line="19" column="10" />
        <mark key="." line="19" column="10" />
      </file>
      <file name="$USER_HOME$/repository/incubator-doris-0.9.0-rc02/be/src/udf_samples/uda_sample.h" timestamp="1563263625355" />
      <file name="$USER_HOME$/repository/doris/be/src/udf_mistat/get_newest_active_info.h" timestamp="1563507043092">
        <mark key="[" line="17" column="18" />
        <mark key="]" line="6" column="0" />
        <mark key="." line="6" column="0" />
      </file>
      <file name="$USER_HOME$/repository/incubator-doris-0.9.0-rc02/be/src/udf_samples/udf_sample.h" timestamp="1563420423772">
        <mark key="[" line="19" column="0" />
        <mark key="]" line="19" column="0" />
        <mark key="." line="19" column="0" />
        <mark key="^" line="19" column="14" />
      </file>
      <file name="$USER_HOME$/repository/doris/be/src/udf_mistat/get_newest_active_info.cpp" timestamp="1563507094753">
        <mark key="[" line="5" column="0" />
      </file>
      <file name="$USER_HOME$/repository/incubator-doris-0.9.0-rc02/be/test/udf/uda_test.cpp" timestamp="1563344478449">
        <mark key="[" line="250" column="33" />
        <mark key="]" line="252" column="33" />
        <mark key="." line="252" column="0" />
        <mark key="^" line="249" column="32" />
      </file>
      <file name="$USER_HOME$/repository/doris/be/src/udf_mistat/CMakeLists.txt" timestamp="1563507676535">
        <mark key="[" line="23" column="74" />
        <mark key="]" line="25" column="23" />
        <mark key="." line="25" column="23" />
        <mark key="^" line="25" column="23" />
      </file>
      <file name="$USER_HOME$/CLionProjects/udf_dev/udf_samples/short_encode.cpp" timestamp="1562836762446">
        <mark key="[" line="0" column="10" />
        <mark key="]" line="0" column="10" />
        <mark key="." line="0" column="10" />
      </file>
      <file name="$USER_HOME$/CLionProjects/udf_dev/udf_samples/udf_sample.h" timestamp="1562836821612">
        <mark key="[" line="19" column="10" />
        <mark key="]" line="19" column="10" />
        <mark key="." line="19" column="10" />
      </file>
      <file name="$USER_HOME$/repository/doris/be/src/udf_mistat/get_active_info_util.cpp" timestamp="1563506471025" />
      <file name="$USER_HOME$/CLionProjects/untitled/main.cpp" timestamp="1562738834382">
        <mark key="[" line="0" column="0" />
      </file>
      <file name="$USER_HOME$/CLionProjects/udf_dev/udf_samples/retention.h" timestamp="1562836758498">
        <mark key="[" line="2" column="10" />
        <mark key="]" line="2" column="10" />
        <mark key="." line="2" column="10" />
      </file>
      <file name="$USER_HOME$/repository/doris/be/src/udf_mistat/get_last_active_info.cpp" timestamp="1563504843441">
        <mark key="[" line="108" column="75" />
        <mark key="]" line="108" column="43" />
        <mark key="." line="108" column="43" />
        <mark key="^" line="108" column="43" />
      </file>
      <file name="$USER_HOME$/repository/incubator-doris-0.9.0-rc02/be/src/exprs/string_functions.h" timestamp="1563432312074" />
      <file name="$USER_HOME$/repository/doris/be/CMakeLists.txt" timestamp="1563453278484">
        <mark key="[" line="19" column="60" />
      </file>
      <file name="$USER_HOME$/repository/incubator-doris-0.9.0-rc02/be/src/udf/udf.cpp" timestamp="1563359225066">
        <mark key="[" line="416" column="1" />
      </file>
      <file name="$USER_HOME$/CLionProjects/doris_test/main.cpp" timestamp="1562829460489">
        <mark key="[" line="0" column="0" />
      </file>
      <file name="$USER_HOME$/repository/incubator-doris-0.9.0-rc02/be/src/udf_mistat/string_split.cpp" timestamp="1563422115681">
        <mark key="[" line="20" column="35" />
        <mark key="]" line="24" column="0" />
        <mark key="." line="24" column="0" />
      </file>
      <file name="$USER_HOME$/repository/incubator-doris-0.9.0-rc02/be/src/udf_samples/sum_var.h" timestamp="1563278242610">
        <mark key="[" line="5" column="23" />
      </file>
      <file name="$USER_HOME$/repository/doris/be/src/udf_mistat/get_active_info_util.h" timestamp="1563506456902">
        <mark key="[" line="16" column="24" />
        <mark key="]" line="44" column="0" />
        <mark key="." line="44" column="0" />
      </file>
      <file name="$USER_HOME$/CLionProjects/udf_dev/udf_samples/udf_sample.cpp" timestamp="1562836825100">
        <mark key="[" line="17" column="10" />
        <mark key="]" line="17" column="10" />
        <mark key="." line="17" column="10" />
      </file>
      <file name="/fragment.cpp" timestamp="1563524021226">
        <mark key="[" line="0" column="0" />
      </file>
      <file name="$USER_HOME$/repository/incubator-doris-0.9.0-rc02/be/src/exprs/string_functions.cpp" timestamp="1563420370507" />
      <file name="$USER_HOME$/repository/incubator-doris-0.9.0-rc02/be/src/udf_samples/string_add_udf.cpp" timestamp="1563152785638">
        <mark key="[" line="7" column="0" />
        <mark key="]" line="7" column="0" />
        <mark key="." line="7" column="0" />
      </file>
      <file name="/GDB" timestamp="1563522487324">
        <mark key="[" line="0" column="0" />
      </file>
      <file name="/Dummy.txt" timestamp="1563508032370">
        <mark key="[" line="0" column="0" />
      </file>
      <file name="$USER_HOME$/CLionProjects/udf_dev/udf_samples/udf_hash64.h" timestamp="1562836792626">
        <mark key="[" line="3" column="10" />
        <mark key="]" line="3" column="10" />
        <mark key="." line="3" column="10" />
      </file>
      <file name="$USER_HOME$/repository/doris/be/src/udf_mistat/get_latest_active_info.cpp" timestamp="1563507327210">
        <mark key="[" line="35" column="25" />
        <mark key="]" line="35" column="25" />
        <mark key="^" line="39" column="36" />
        <mark key="." line="35" column="25" />
      </file>
      <file name="$USER_HOME$/CLionProjects/udf_dev/udf_samples/short_encode.h" timestamp="1562842954781">
        <mark key="[" line="2" column="8" />
      </file>
      <file name="$USER_HOME$/repository/incubator-doris-0.9.0-rc02/be/src/udf_mistat/get_last_active_info.h" timestamp="1563435536541">
        <mark key="[" line="37" column="39" />
        <mark key="]" line="37" column="39" />
        <mark key="." line="37" column="39" />
        <mark key="^" line="37" column="44" />
      </file>
      <file name="$USER_HOME$/repository/doris/be/src/udf_mistat/get_latest_active_info.h" timestamp="1563507019393">
        <mark key="[" line="7" column="0" />
        <mark key="]" line="7" column="0" />
        <mark key="^" line="12" column="16" />
        <mark key="." line="7" column="0" />
      </file>
      <file name="$USER_HOME$/CLionProjects/doris-test/CMakeLists.txt" timestamp="1563334427530">
        <mark key="[" line="5" column="35" />
      </file>
      <file name="$USER_HOME$/CLionProjects/doris-test/get_last_active_info.h" timestamp="1563334449026">
        <mark key="[" line="13" column="0" />
        <mark key="]" line="15" column="0" />
        <mark key="." line="15" column="0" />
      </file>
      <file name="$USER_HOME$/CLionProjects/udf_dev/udf_samples/funnel_info.cpp" timestamp="1562836741308">
        <mark key="[" line="0" column="10" />
        <mark key="]" line="0" column="10" />
        <mark key="." line="0" column="10" />
      </file>
      <file name="$USER_HOME$/CLionProjects/untitled3/main.cpp" timestamp="1563523910661">
        <mark key="[" line="15" column="12" />
        <mark key="]" line="13" column="0" />
        <mark key="." line="13" column="0" />
      </file>
      <file name="$USER_HOME$/repository/doris/be/src/udf_mistat/get_last_active_info.h" timestamp="1563504983710">
        <mark key="[" line="20" column="5" />
        <mark key="]" line="20" column="5" />
        <mark key="." line="20" column="5" />
        <mark key="^" line="20" column="6" />
      </file>
      <file name="$USER_HOME$/CLionProjects/udf_dev/udf_samples/funnel_count.cpp" timestamp="1562836723955">
        <mark key="[" line="0" column="10" />
        <mark key="]" line="0" column="10" />
        <mark key="." line="0" column="10" />
      </file>
      <file name="$USER_HOME$/repository/incubator-doris-0.9.0-rc02/be/src/udf_samples/get_last_active_info.cpp" timestamp="1563347582610">
        <mark key="[" line="4" column="10" />
        <mark key="]" line="4" column="10" />
        <mark key="^" line="4" column="0" />
        <mark key="." line="4" column="10" />
      </file>
      <file name="$USER_HOME$/repository/incubator-doris-0.9.0-rc02/be/src/udf_mistat/CMakeLists.txt" timestamp="1563420469024">
        <mark key="[" line="24" column="45" />
        <mark key="]" line="24" column="45" />
        <mark key="." line="24" column="45" />
      </file>
    </filemarks>
    <jumps>
      <jump line="5" column="13" filename="$USER_HOME$/CLionProjects/untitled2/main.cpp" />
      <jump line="6" column="14" filename="$USER_HOME$/CLionProjects/untitled2/main.cpp" />
    </jumps>
    <registers>
      <register name="&quot;" type="2">
        <text encoding="base64">ICAgIHRlc3RfZXh0ZW5kKCl7fQo=</text>
      </register>
      <register name="-" type="4">
        <text>: t{{false, true}, {false, false}}{}</text>
      </register>
      <register name="0" type="2">
        <text encoding="base64">ICAgICAgICAgICAgaWYgKGlucHV0X3RzIDw9IHNyY190cykgewo=</text>
      </register>
      <register name="1" type="2">
        <text encoding="base64">ICAgIHRlc3RfZXh0ZW5kKCl7fQo=</text>
      </register>
      <register name="2" type="2">
        <text encoding="base64">ICAgIHRlc3QgaGprKDEsIDIpOwo=</text>
      </register>
      <register name="3" type="2">
        <text encoding="base64">Cg==</text>
      </register>
      <register name="4" type="2">
        <text encoding="base64">fTsK</text>
      </register>
      <register name="5" type="2">
        <text encoding="base64">ICAgIH0K</text>
      </register>
      <register name="6" type="2">
        <text encoding="base64">ICAgICAgICB0ZXN0KGEsIDEwKTsK</text>
      </register>
      <register name="7" type="2">
        <text encoding="base64">ICAgIHRlc3QoaW50IGEpIHsK</text>
      </register>
      <register name="8" type="2">
        <text encoding="base64">ICAgIH0K</text>
      </register>
      <register name="9" type="2">
        <text encoding="base64">ICAgICAgICBtX2IgPSBiOwo=</text>
      </register>
      <register name=":" type="4">
        <text>vsp uda_sample.cpp</text>
      </register>
    </registers>
    <search>
      <last-dir>0</last-dir>
      <show-last>false</show-last>
    </search>
    <history>
      <history-search />
      <history-cmd>
        <entry>vsp uda_sample.h</entry>
        <entry>vsp udf/udf.cpp</entry>
        <entry>vsp ../udf/udf.cpp</entry>
        <entry>vsp udf.cpp</entry>
        <entry>vsp uda_sample.cpp</entry>
      </history-cmd>
      <history-expr />
      <history-input />
    </history>
    <shortcut-conflicts>
      <shortcut-conflict owner="ide">
        <text>ctrl pressed B</text>
      </shortcut-conflict>
      <shortcut-conflict owner="ide">
        <text>ctrl pressed F</text>
      </shortcut-conflict>
      <shortcut-conflict owner="ide">
        <text>ctrl pressed A</text>
      </shortcut-conflict>
      <shortcut-conflict owner="ide">
        <text>ctrl pressed C</text>
      </shortcut-conflict>
      <shortcut-conflict owner="ide">
        <text>ctrl pressed S</text>
      </shortcut-conflict>
      <shortcut-conflict owner="ide">
        <text>ctrl pressed V</text>
      </shortcut-conflict>
      <shortcut-conflict owner="ide">
        <text>ctrl pressed X</text>
      </shortcut-conflict>
    </shortcut-conflicts>
  </component>
</application>