<application>
  <component name="WebServers">
    <option name="servers">
      <webServer id="035c8ee0-ecb7-430b-880b-cac205d748af" name="Local container (035c8ee0-ecb7-430b-880b-cac205d748af)" url="http:///">
        <fileTransfer host="localhost" port="7776" rootFolder="/home/debugger" accessType="SFTP">
          <option name="port" value="7776" />
        </fileTransfer>
      </webServer>
      <webServer id="7221d2a0-d356-46c7-bfd8-e444eecfb036" name="Remote Host (7221d2a0-d356-46c7-bfd8-e444eecfb036)" url="http:///">
        <fileTransfer host="localhost" port="7776" accessType="SFTP">
          <option name="port" value="7776" />
        </fileTransfer>
      </webServer>
    </option>
  </component>
</application>