<application>
  <component name="VimSettings">
    <state version="4" enabled="true" />
    <globalmarks />
    <filemarks>
      <file name="$USER_HOME$/repository/Learning.Java/src/Main.java" timestamp="1563526460554">
        <mark key="[" line="25" column="0" />
        <mark key="]" line="25" column="0" />
        <mark key="." line="25" column="0" />
      </file>
      <file name="/fragment.java" timestamp="1563517972816">
        <mark key="[" line="0" column="0" />
      </file>
    </filemarks>
    <jumps />
    <registers>
      <register name="1" type="2">
        <text encoding="base64">ICAgIEBPdmVycmlkZQo=</text>
      </register>
      <register name="&quot;" type="2">
        <text encoding="base64">ICAgIEBPdmVycmlkZQo=</text>
      </register>
      <register name="2" type="2">
        <text encoding="base64">ICAgICAgICBTdHVkZW50IHMyID0gKFN0dWRlbnQpcDI7Cg==</text>
      </register>
      <register name="3" type="2">
        <text encoding="base64">ICAgIEBDb250cmFjdChwdXJlID0gdHJ1ZSkK</text>
      </register>
      <register name="4" type="2">
        <text encoding="base64">ICAgICAgICBzLnBybyA9IDEwOwo=</text>
      </register>
      <register name="5" type="2">
        <text encoding="base64">ICAgICAgICBzLnByaSA9IDEwMjsK</text>
      </register>
      <register name="6" type="2">
        <text encoding="base64">ICAgICAgICBJbnRlZ2VyIGE7Cg==</text>
      </register>
      <register name="7" type="2">
        <text encoding="base64">ICAgICAgICBzLmluZGV4T2YoMTApOwo=</text>
      </register>
      <register name="8" type="2">
        <text encoding="base64">ICAgICAgICBTdHJpbmcgcyA9IG5ldyBTdHJpbmcoKCJ0ZXN0IikpOwo=</text>
      </register>
      <register name="9" type="2">
        <text encoding="base64">ICAgICAgICBhLgo=</text>
      </register>
      <register name="-" type="4">
        <text encoding="base64">cHVibGljIA==</text>
      </register>
    </registers>
    <search>
      <last-dir>0</last-dir>
      <show-last>false</show-last>
    </search>
    <history>
      <history-search />
      <history-cmd />
      <history-expr />
      <history-input />
    </history>
    <shortcut-conflicts>
      <shortcut-conflict owner="ide">
        <text>ctrl pressed A</text>
      </shortcut-conflict>
      <shortcut-conflict owner="ide">
        <text>ctrl pressed V</text>
      </shortcut-conflict>
      <shortcut-conflict owner="ide">
        <text>ctrl pressed B</text>
      </shortcut-conflict>
    </shortcut-conflicts>
  </component>
</application>