<keymap version="1" name="Default copy" parent="Default for XWin">
  <action id="CIDR.Lang.Cpp.GenerateDefinitions">
    <keyboard-shortcut first-keystroke="shift ctrl d" />
    <keyboard-shortcut first-keystroke="alt enter" />
  </action>
  <action id="ChangesView.SetDefault" />
  <action id="CodeCompletion">
    <keyboard-shortcut first-keystroke="back_quote" />
    <keyboard-shortcut first-keystroke="ctrl space" />
  </action>
  <action id="Console.TableResult.EditValue">
    <keyboard-shortcut first-keystroke="f2" />
    <keyboard-shortcut first-keystroke="enter" />
  </action>
  <action id="EditorChooseLookupItemCompleteStatement">
    <keyboard-shortcut first-keystroke="shift ctrl enter" />
  </action>
  <action id="EditorDecreaseFontSize">
    <mouse-shortcut keystroke="control button142" />
  </action>
  <action id="EditorIncreaseFontSize">
    <mouse-shortcut keystroke="control button143" />
  </action>
  <action id="SetShortcutAction" />
  <action id="ShowIntentionActions" />
</keymap>